Date,Company,Open,High,Low,Close,Volume
2024-04-01,AAPL,227.88535969157675,229.17,225.18,226.07,23756669
2024-04-02,AAPL,230.15,235.19,223.87,224.85,66629388
2024-04-03,AAPL,229.51,230.84,227.82,228.52,13561597
2024-04-04,AAPL,232.48,236.9,227.16,233.99,66306997
2024-04-05,AAPL,239.56,242.08,234.83,240.7,10872248
2024-04-08,AAPL,238.44,244.16,236.3,239.62,47295260
2024-04-09,AAPL,237.32,239.43,230.45,233.47,22448136
2024-04-10,AAPL,244.82,248.37,241.4,243.8,45503389
2024-04-11,AAPL,248.58,254.84,242.8,249.26,60806024
2024-04-12,AAPL,246.25,247.97,243.21,246.2,58537831
2024-04-15,AAPL,248.92,253.76,243.29,243.77,40587988
2024-04-16,AAPL,246.61,252.61,239.3,250.68,23556182
2024-04-17,AAPL,244.31,247.85,240.32,246.6,31831063
2024-04-18,AAPL,245.49,248.99,242.98,244.58,19583482
2024-04-19,AAPL,236.1,240.88,233.91,238.99,31931511
2024-04-22,AAPL,227.95,231.72,225.27,231.24,84752529
2024-04-23,AAPL,225.39,227.75,222.44,226.52,17507864
2024-04-24,AAPL,220.82,223.19,219.54,220.69,45935572
2024-04-25,AAPL,222.21,223.69,216.03,220.37,52235350
2024-04-26,AAPL,218.17,220.42,214.36,219.72,71586053
2024-04-29,AAPL,212.01,213.83,210.21,212.91,82340307
2024-04-30,AAPL,218.22,220.74,213.94,220.05,63606628
2024-05-01,AAPL,217.23,220.28,210.73,212.05,76238574
2024-05-02,AAPL,217.52,219.1,216.18,216.5,31472420
2024-05-03,AAPL,211.32,216.56,208.03,208.57,61220073
2024-05-06,AAPL,209.02,213.18,205.53,207.45,84252722
2024-05-07,AAPL,209.48,215.04,208.37,213.18,82070937
2024-05-08,AAPL,204.66,209.53,199.7,203.04,49392920
2024-05-09,AAPL,206.2,209.47,202.83,209.16,45351479
2024-05-10,AAPL,203.72,209.69,198.82,204.34,24282218
2024-05-13,AAPL,202.53,207.95,200.01,205.08,36697396
2024-05-14,AAPL,200.09,201.85,195.28,198.82,81182864
2024-05-15,AAPL,207.5,213.3,203.36,208.22,25014631
2024-05-16,AAPL,207.44,213.3,201.85,211.37,51273847
2024-05-17,AAPL,203.05,205.28,200.81,203.35,20570592
2024-05-20,AAPL,206.39,207.86,202.85,203.2,81498611
2024-05-21,AAPL,201.35,206.21,199.7,202.79,83793389
2024-05-22,AAPL,202.19,204.04,198.51,201.86,38427073
2024-05-23,AAPL,194.27,199.75,189.63,196.61,51837852
2024-05-24,AAPL,189.11,191.94,184.99,187.59,79467853
2024-05-27,AAPL,189.85,192.94,187.72,188.05,12823170
2024-05-28,AAPL,192.65,196.45,190.58,191.87,19528530
2024-05-29,AAPL,193.31,197.7,192.06,192.44,14216175
2024-05-30,AAPL,192.86,197.97,191.55,193.08,75151231
2024-05-31,AAPL,191.7,193.69,190.11,193.46,86644106
2024-06-03,AAPL,186.03,189.64,183.97,186.65,64634663
2024-06-04,AAPL,183.35,185.14,181.99,183.35,66851760
2024-06-05,AAPL,181.66,184.44,176.83,177.24,23209423
2024-06-06,AAPL,185.5,186.71,181.2,185.61,24665841
2024-06-07,AAPL,186.77,188.86,184.95,186.7,66623995
2024-06-10,AAPL,180.18,181.91,177.2,181.32,20117988
2024-06-11,AAPL,181.35,184.27,176.54,180.79,16789850
2024-06-12,AAPL,179.95,183.78,176.62,176.73,22517517
2024-06-13,AAPL,177.51,182.51,172.86,174.46,75181648
2024-06-14,AAPL,179.68,182.74,174.9,181.98,32097220
2024-06-17,AAPL,183.38,186.03,177.95,180.09,71070189
2024-06-18,AAPL,186.8,189.07,182.61,187.33,84593961
2024-06-19,AAPL,183.66,187.62,180.51,181.86,39219319
2024-06-20,AAPL,182.52,187.85,178.96,183.78,52091325
2024-06-21,AAPL,183.73,184.91,180.13,182.53,81286543
2024-06-24,AAPL,187.31,188.98,181.87,182.44,34941004
2024-06-25,AAPL,185.51,186.76,184.27,186.42,64193837
2024-06-26,AAPL,184.82,186.3,179.78,181.39,89795010
2024-06-27,AAPL,180.73,181.81,179.46,181.0,85863473
2024-06-28,AAPL,176.41,179.6,171.41,173.08,52169044
2024-07-01,AAPL,179.28,181.25,176.61,179.73,50264926
2024-07-02,AAPL,184.14,187.17,178.94,186.64,11250299
2024-07-03,AAPL,183.87,186.9,178.36,186.87,19832887
2024-07-04,AAPL,187.56,191.02,184.25,185.15,56843172
2024-07-05,AAPL,188.92,194.02,183.82,187.59,31172421
2024-07-08,AAPL,186.48,189.46,183.02,184.97,80993218
2024-07-09,AAPL,187.83,188.81,183.05,184.77,23903144
2024-07-10,AAPL,193.61,199.12,191.99,192.81,24366125
2024-07-11,AAPL,193.47,198.03,191.75,193.52,38270233
2024-07-12,AAPL,199.52,204.1,197.51,201.69,45431319
2024-07-15,AAPL,189.07,192.4,186.94,191.9,16818112
2024-07-16,AAPL,192.18,193.58,189.18,190.4,10475894
2024-07-17,AAPL,192.51,195.08,190.92,195.0,31687165
2024-07-18,AAPL,191.36,195.86,187.76,191.22,11297845
2024-07-19,AAPL,191.71,193.2,186.22,191.04,30005727
2024-07-22,AAPL,184.09,187.52,179.33,184.1,29876811
2024-07-23,AAPL,183.28,186.17,182.17,183.63,15354599
2024-07-24,AAPL,184.59,189.66,182.7,184.44,23796726
2024-07-25,AAPL,190.05,192.68,186.44,191.9,30743797
2024-07-26,AAPL,188.08,193.37,186.03,187.22,33763566
2024-07-29,AAPL,185.04,190.04,184.0,188.45,54585178
2024-07-30,AAPL,183.18,187.68,180.38,185.27,43308443
2024-07-31,AAPL,186.53,188.71,181.93,182.66,15197528
2024-08-01,AAPL,187.76,192.73,185.78,191.46,71780854
2024-08-02,AAPL,185.77,188.32,181.03,187.38,39920292
2024-08-05,AAPL,187.68,188.73,185.84,186.79,19317495
2024-08-06,AAPL,188.04,193.53,185.79,190.76,63643924
2024-08-07,AAPL,191.68,195.89,186.68,189.73,13704481
2024-08-08,AAPL,188.99,190.48,183.46,184.71,45630292
2024-08-09,AAPL,187.75,188.87,184.01,185.69,52101056
2024-08-12,AAPL,186.28,189.24,180.77,181.75,87388337
2024-08-13,AAPL,180.83,182.59,179.73,180.98,79782527
2024-08-14,AAPL,181.9,187.02,178.54,184.64,36445607
2024-08-15,AAPL,182.85,185.43,181.62,184.15,54318698
2024-08-16,AAPL,182.87,186.63,178.92,179.88,50308572
2024-08-19,AAPL,182.01,185.23,178.07,180.41,49682169
2024-08-20,AAPL,176.86,180.2,175.13,178.5,60888017
2024-08-21,AAPL,175.37,179.22,170.54,175.88,50392808
2024-08-22,AAPL,174.17,176.81,169.67,171.84,38210242
2024-08-23,AAPL,171.38,174.08,168.04,171.99,72409658
2024-08-26,AAPL,170.83,173.57,167.09,170.4,32775593
2024-08-27,AAPL,172.21,175.91,170.13,173.97,54988206
2024-08-28,AAPL,178.71,180.02,173.56,175.08,51663795
2024-08-29,AAPL,179.33,181.23,177.54,177.63,42862209
2024-08-30,AAPL,180.25,185.59,176.59,183.51,71124923
2024-09-02,AAPL,179.98,182.74,176.25,177.51,61536717
2024-09-03,AAPL,173.07,176.07,171.15,174.38,10744212
2024-09-04,AAPL,172.98,177.71,168.39,176.64,67062156
2024-09-05,AAPL,173.19,175.0,168.84,173.13,72350830
2024-09-06,AAPL,181.72,182.86,179.68,182.38,71265269
2024-09-09,AAPL,181.02,182.53,178.01,180.41,85017682
2024-09-10,AAPL,182.11,185.73,176.87,184.77,77750178
2024-09-11,AAPL,181.98,184.83,176.94,180.46,31361812
2024-09-12,AAPL,177.73,181.92,174.73,176.59,43183955
2024-09-13,AAPL,181.79,186.52,179.62,184.99,75041510
2024-09-16,AAPL,184.52,188.33,182.33,182.79,48349783
2024-09-17,AAPL,187.44,189.48,184.93,188.99,20814950
2024-09-18,AAPL,184.03,185.59,182.05,184.51,38716269
2024-09-19,AAPL,189.19,190.44,186.32,188.56,65804273
2024-09-20,AAPL,183.89,185.1,179.14,181.46,88393811
2024-09-23,AAPL,186.05,191.38,185.03,190.62,87267850
2024-09-24,AAPL,194.2,197.02,193.2,194.54,62343121
2024-09-25,AAPL,190.35,195.36,184.86,189.26,83300637
2024-09-26,AAPL,188.19,192.89,183.03,187.84,46632757
2024-09-27,AAPL,188.57,191.57,187.49,188.86,64266464
2024-09-30,AAPL,186.67,190.98,181.81,190.24,81688860
2024-10-01,AAPL,180.88,181.91,178.19,180.29,13637575
2024-10-02,AAPL,181.13,182.42,178.28,181.87,34391257
2024-10-03,AAPL,177.28,178.39,174.71,175.49,53868501
2024-10-04,AAPL,178.96,181.36,174.13,176.14,66581473
2024-10-07,AAPL,175.67,177.66,174.43,174.49,82399599
2024-10-08,AAPL,181.12,182.26,175.9,177.33,19209801
2024-10-09,AAPL,178.28,182.65,174.48,180.64,43189803
2024-10-10,AAPL,177.13,178.9,176.15,176.57,26941092
2024-10-11,AAPL,180.01,183.04,178.6,182.81,72415804
2024-10-14,AAPL,175.58,179.53,171.34,172.71,25372341
2024-10-15,AAPL,176.38,180.69,174.78,176.62,87669750
2024-10-16,AAPL,180.99,182.01,178.67,180.93,60372847
2024-10-17,AAPL,175.17,177.78,171.16,171.66,42594692
2024-10-18,AAPL,175.82,177.15,171.55,176.31,26247735
2024-10-21,AAPL,176.73,181.13,173.35,173.67,81503856
2024-10-22,AAPL,179.49,182.31,176.93,179.65,55799273
2024-10-23,AAPL,175.05,175.98,172.34,174.12,68186525
2024-10-24,AAPL,170.43,175.38,166.87,173.92,30534124
2024-10-25,AAPL,172.21,174.95,168.19,174.72,46249845
2024-10-28,AAPL,173.23,176.76,168.38,174.87,72394301
2024-10-29,AAPL,174.1,176.87,170.05,171.88,42949803
2024-10-30,AAPL,175.31,179.83,174.05,179.15,42730796
2024-10-31,AAPL,172.93,177.04,169.6,174.57,55150390
2024-11-01,AAPL,173.73,174.72,169.17,170.18,38470244
2024-11-04,AAPL,174.75,177.17,172.75,173.99,47080140
2024-11-05,AAPL,172.25,175.5,169.16,170.37,42394260
2024-11-06,AAPL,178.68,182.79,175.6,181.05,73900135
2024-11-07,AAPL,180.37,184.18,177.25,182.75,22489409
2024-11-08,AAPL,176.07,178.25,173.41,174.59,88055069
2024-11-11,AAPL,178.38,180.92,175.02,177.05,83871890
2024-11-12,AAPL,174.9,177.22,170.95,172.65,43742830
2024-11-13,AAPL,177.65,179.56,173.56,175.45,81922443
2024-11-14,AAPL,181.77,187.0,177.72,179.5,74988034
2024-11-15,AAPL,178.79,180.92,175.26,179.56,47983442
2024-11-18,AAPL,182.23,187.61,177.53,180.52,58436637
2024-11-19,AAPL,183.73,185.47,182.75,184.2,46817443
2024-11-20,AAPL,186.75,187.9,185.56,186.24,26948946
2024-11-21,AAPL,193.83,197.89,189.21,190.1,11646234
2024-11-22,AAPL,192.88,196.61,189.65,192.72,34744872
2024-11-25,AAPL,189.97,195.51,187.82,194.45,25312516
2024-11-26,AAPL,186.59,191.36,183.79,184.35,17195288
2024-11-27,AAPL,183.55,185.16,178.91,184.84,21432787
2024-11-28,AAPL,183.27,188.74,181.81,187.11,40291214
2024-11-29,AAPL,184.52,189.02,181.84,188.36,49910061
2024-12-02,AAPL,185.54,190.46,180.02,183.21,18083974
2024-12-03,AAPL,188.61,192.43,184.18,192.0,37888820
2024-12-04,AAPL,188.66,192.55,186.47,186.96,42194159
2024-12-05,AAPL,194.14,195.95,192.8,192.81,70465583
2024-12-06,AAPL,193.11,197.4,189.88,190.13,48668783
2024-12-09,AAPL,203.62,208.24,199.02,203.21,41329612
2024-12-10,AAPL,206.17,211.96,201.08,207.88,36550845
2024-12-11,AAPL,202.64,205.81,198.87,203.36,45652586
2024-12-12,AAPL,198.3,203.39,196.95,198.02,51286958
2024-12-13,AAPL,200.21,204.19,195.08,203.47,68942178
2024-12-16,AAPL,199.32,200.94,194.89,199.12,46540265
2024-12-17,AAPL,202.17,205.71,198.66,199.23,15350023
2024-12-18,AAPL,204.08,209.64,199.31,205.55,13471527
2024-12-19,AAPL,203.78,205.26,197.86,204.05,87201917
2024-12-20,AAPL,200.33,204.27,199.22,203.08,46173157
2024-12-23,AAPL,194.26,198.03,189.58,191.06,79654147
2024-12-24,AAPL,192.53,196.63,187.16,188.88,88561612
2024-12-25,AAPL,195.83,198.94,190.86,198.69,73083727
2024-12-26,AAPL,196.67,199.36,194.05,197.61,31585546
2024-12-27,AAPL,191.77,194.31,187.49,189.46,63747791
2024-12-30,AAPL,192.43,197.31,188.82,192.68,52213778
2024-12-31,AAPL,193.91,196.1,192.38,195.25,79067939
2025-01-01,AAPL,190.48,195.36,189.52,194.6,72005415
2025-01-02,AAPL,191.07,194.0,189.22,190.95,76906611
2025-01-03,AAPL,191.29,195.24,186.7,188.44,83715012
2025-01-06,AAPL,186.92,188.47,184.64,188.01,75056916
2025-01-07,AAPL,188.26,189.77,182.74,187.02,42117961
2025-01-08,AAPL,190.37,194.7,187.94,188.03,64759583
2025-01-09,AAPL,194.49,195.92,188.69,195.29,71934487
2025-01-10,AAPL,198.59,204.28,194.38,195.9,49172995
2025-01-13,AAPL,193.12,196.54,190.83,195.6,73380266
2025-01-14,AAPL,189.5,191.6,185.94,188.11,78214937
2025-01-15,AAPL,191.45,195.98,189.84,190.27,65692629
2025-01-16,AAPL,193.42,196.03,188.64,190.61,10344303
2025-01-17,AAPL,195.41,197.77,192.97,195.79,75718414
2025-01-20,AAPL,210.47,216.08,207.07,211.43,54619335
2025-01-21,AAPL,212.87,216.87,208.91,212.53,53188224
2025-01-22,AAPL,217.7,223.52,211.27,214.2,61401477
2025-01-23,AAPL,221.85,224.25,216.44,216.78,73481797
2025-01-24,AAPL,224.74,229.83,219.06,223.22,30415230
2025-01-27,AAPL,223.32,227.2,222.0,224.61,89212676
2025-01-28,AAPL,226.71,229.73,225.01,229.0,23383077
2025-01-29,AAPL,223.21,227.26,219.54,225.12,65026398
2025-01-30,AAPL,222.15,228.1,215.65,216.58,45570755
2025-01-31,AAPL,219.99,222.95,215.08,220.19,54099326
2025-02-03,AAPL,220.35,226.15,214.51,218.93,52501540
2025-02-04,AAPL,230.55,235.32,224.28,229.67,82613940
2025-02-05,AAPL,221.94,223.25,220.45,222.22,48571356
2025-02-06,AAPL,224.99,231.73,219.66,224.9,23212812
2025-02-07,AAPL,217.73,222.96,212.81,213.83,32329103
2025-02-10,AAPL,215.67,220.49,209.72,210.22,17532195
2025-02-11,AAPL,220.37,223.09,217.2,218.06,81291936
2025-02-12,AAPL,220.65,224.03,215.79,217.27,33497411
2025-02-13,AAPL,215.89,217.4,210.11,214.63,42323627
2025-02-14,AAPL,212.8,216.51,208.63,210.46,44088261
2025-02-17,AAPL,215.69,219.25,211.02,218.42,72445234
2025-02-18,AAPL,212.54,218.39,207.88,209.54,69287967
2025-02-19,AAPL,213.46,219.57,207.12,210.84,66949781
2025-02-20,AAPL,213.65,218.41,210.14,212.64,61632653
2025-02-21,AAPL,210.87,216.42,209.25,211.98,58178682
2025-02-24,AAPL,219.91,224.17,213.35,216.54,63124147
2025-02-25,AAPL,222.7,225.34,218.44,223.17,16582607
2025-02-26,AAPL,213.68,219.61,208.63,217.77,48412328
2025-02-27,AAPL,214.48,219.71,212.17,218.22,39394291
2025-02-28,AAPL,211.64,216.07,207.3,213.24,28358198
2025-03-03,AAPL,215.25,219.71,209.31,216.03,51464269
2025-03-04,AAPL,211.84,217.08,210.6,212.96,27637794
2025-03-05,AAPL,211.35,212.88,208.73,211.83,33574011
2025-03-06,AAPL,213.48,215.62,208.21,214.7,59104566
2025-03-07,AAPL,217.18,221.15,211.13,219.45,44489940
2025-03-10,AAPL,211.97,217.87,205.91,217.48,49613214
2025-03-11,AAPL,210.55,215.53,207.71,208.61,20106509
2025-03-12,AAPL,208.55,210.33,202.47,209.23,63339667
2025-03-13,AAPL,205.82,211.83,200.65,204.74,62958901
2025-03-14,AAPL,213.09,214.23,209.17,211.47,45186708
2025-03-17,AAPL,214.82,219.03,209.33,218.45,24541967
2025-03-18,AAPL,209.4,213.98,205.88,210.9,85350823
2025-03-19,AAPL,213.24,216.05,208.92,213.54,72312933
2025-03-20,AAPL,222.29,228.46,219.5,223.16,28760553
2025-03-21,AAPL,226.88,228.27,225.53,228.26,25585427
2025-03-24,AAPL,219.99,221.62,214.01,215.04,70887034
2025-03-25,AAPL,217.86,220.97,211.6,218.13,82503409
2025-03-26,AAPL,223.38,226.84,218.12,219.47,65684858
2025-03-27,AAPL,220.22,224.93,214.53,220.93,47546086
2025-03-28,AAPL,222.17,223.46,219.0,220.98,41690501
2025-03-31,AAPL,225.61,231.56,223.92,229.16,83076970
2024-04-01,GOOG,280.33924248493094,286.26,278.51,280.65,26395999
2024-04-02,GOOG,275.14,283.04,268.1,269.47,38468360
2024-04-03,GOOG,274.81,280.59,269.33,269.57,54762841
2024-04-04,GOOG,257.0,259.85,254.91,257.7,19208698
2024-04-05,GOOG,251.73,258.21,246.98,253.57,41272553
2024-04-08,GOOG,250.46,253.77,248.28,253.22,10380581
2024-04-09,GOOG,244.21,247.12,236.98,246.99,82506491
2024-04-10,GOOG,252.18,255.02,249.82,253.26,13460153
2024-04-11,GOOG,244.97,247.0,241.55,245.85,89034501
2024-04-12,GOOG,242.81,245.99,240.54,240.83,66500369
2024-04-15,GOOG,243.44,247.86,237.68,242.53,58592048
2024-04-16,GOOG,250.46,254.93,248.52,251.75,15820356
2024-04-17,GOOG,243.27,248.91,236.53,244.69,50484137
2024-04-18,GOOG,248.93,253.03,241.69,242.38,74287863
2024-04-19,GOOG,248.98,255.5,245.08,246.2,69533928
2024-04-22,GOOG,244.09,245.76,242.38,244.44,18815720
2024-04-23,GOOG,246.35,248.36,241.27,245.42,53645651
2024-04-24,GOOG,247.33,250.92,242.4,244.91,77853916
2024-04-25,GOOG,244.36,249.28,242.53,247.27,83998961
2024-04-26,GOOG,244.7,250.33,242.16,245.85,40667888
2024-04-29,GOOG,242.81,246.54,236.57,240.55,22762205
2024-04-30,GOOG,243.36,246.48,240.24,241.83,30486849
2024-05-01,GOOG,246.58,252.05,242.42,243.3,21457410
2024-05-02,GOOG,254.4,256.26,252.51,255.28,27463800
2024-05-03,GOOG,248.1,252.79,243.22,248.59,54244334
2024-05-06,GOOG,258.68,264.31,254.73,263.1,66765623
2024-05-07,GOOG,248.58,255.22,242.86,254.83,51936181
2024-05-08,GOOG,247.83,251.25,243.01,244.76,74718365
2024-05-09,GOOG,250.75,253.41,248.82,252.7,59333209
2024-05-10,GOOG,252.16,254.15,249.14,250.27,67594492
2024-05-13,GOOG,249.02,255.53,241.71,253.02,84724345
2024-05-14,GOOG,247.98,249.38,240.98,247.95,45896226
2024-05-15,GOOG,245.53,246.94,242.62,245.91,55610493
2024-05-16,GOOG,242.64,245.98,240.33,241.14,63792364
2024-05-17,GOOG,246.76,248.42,240.96,248.21,22315507
2024-05-20,GOOG,248.52,254.4,245.94,249.49,55754284
2024-05-21,GOOG,245.08,247.27,241.95,243.68,86181117
2024-05-22,GOOG,249.49,254.46,242.73,244.55,16679008
2024-05-23,GOOG,251.02,256.5,248.06,253.65,75184410
2024-05-24,GOOG,255.1,260.25,251.18,253.14,78765957
2024-05-27,GOOG,258.31,260.34,254.24,255.97,89609131
2024-05-28,GOOG,254.03,258.39,248.52,248.97,63051354
2024-05-29,GOOG,251.18,258.62,249.58,251.43,38351344
2024-05-30,GOOG,254.93,261.1,248.79,252.35,26104026
2024-05-31,GOOG,258.04,259.38,251.93,253.24,61030579
2024-06-03,GOOG,257.93,262.65,255.16,259.34,57535513
2024-06-04,GOOG,258.54,260.3,251.68,252.04,12515446
2024-06-05,GOOG,265.15,269.52,263.31,265.25,67617561
2024-06-06,GOOG,262.01,267.08,256.05,260.66,25458308
2024-06-07,GOOG,264.88,268.89,257.16,259.18,71753160
2024-06-10,GOOG,263.81,270.62,256.42,257.67,24208709
2024-06-11,GOOG,262.66,265.57,257.48,261.72,63118906
2024-06-12,GOOG,268.43,275.61,262.08,265.08,32566390
2024-06-13,GOOG,272.86,274.75,267.18,271.2,36025314
2024-06-14,GOOG,277.3,284.97,273.49,281.84,29822594
2024-06-17,GOOG,284.54,287.64,282.08,283.18,30517835
2024-06-18,GOOG,284.66,291.49,278.57,280.86,76319264
2024-06-19,GOOG,288.54,293.33,283.03,289.0,85764804
2024-06-20,GOOG,286.75,292.79,278.24,282.94,52431444
2024-06-21,GOOG,288.61,291.14,286.67,288.65,50643870
2024-06-24,GOOG,287.86,295.03,282.16,286.69,19957701
2024-06-25,GOOG,288.42,292.1,283.72,284.2,48530827
2024-06-26,GOOG,291.85,293.87,284.08,292.45,89736043
2024-06-27,GOOG,287.07,292.14,282.31,287.76,15505975
2024-06-28,GOOG,299.08,303.94,291.53,299.62,53154591
2024-07-01,GOOG,293.06,298.96,287.92,298.49,70468188
2024-07-02,GOOG,285.94,288.11,278.08,281.52,21318464
2024-07-03,GOOG,292.56,297.71,289.84,291.79,68754920
2024-07-04,GOOG,297.19,306.04,291.81,300.49,58841557
2024-07-05,GOOG,300.9,305.21,297.27,300.52,55414869
2024-07-08,GOOG,304.68,311.37,302.76,308.19,54915875
2024-07-09,GOOG,304.61,306.63,302.37,305.26,48137561
2024-07-10,GOOG,299.14,302.52,291.28,302.12,30182766
2024-07-11,GOOG,299.59,303.58,293.73,295.12,56952151
2024-07-12,GOOG,295.53,299.3,289.21,295.89,27307598
2024-07-15,GOOG,301.29,307.28,292.72,297.23,60557040
2024-07-16,GOOG,300.4,306.73,296.43,297.75,80651318
2024-07-17,GOOG,295.44,297.61,289.01,293.38,12446861
2024-07-18,GOOG,293.54,297.67,290.75,292.23,75266178
2024-07-19,GOOG,295.96,298.86,287.08,288.91,49700543
2024-07-22,GOOG,292.62,300.26,290.42,298.01,80669879
2024-07-23,GOOG,287.81,289.52,283.95,288.22,27589104
2024-07-24,GOOG,289.21,294.97,286.65,288.15,32218290
2024-07-25,GOOG,290.63,297.32,288.86,291.94,41880763
2024-07-26,GOOG,287.68,296.09,281.85,292.56,70254091
2024-07-29,GOOG,284.97,288.06,281.84,287.85,72950208
2024-07-30,GOOG,286.29,294.19,283.47,290.74,86560394
2024-07-31,GOOG,278.0,286.23,273.4,277.02,61254050
2024-08-01,GOOG,270.17,274.92,265.99,267.44,36802975
2024-08-02,GOOG,266.29,272.96,264.04,266.27,74503785
2024-08-05,GOOG,265.15,272.27,260.15,261.39,79244185
2024-08-06,GOOG,266.8,273.81,263.56,271.38,46613428
2024-08-07,GOOG,274.67,279.13,269.77,277.55,22309586
2024-08-08,GOOG,279.38,287.39,276.43,281.37,56920514
2024-08-09,GOOG,278.49,286.36,274.21,279.03,60192261
2024-08-12,GOOG,278.38,281.41,270.07,274.32,13783268
2024-08-13,GOOG,272.8,276.34,270.76,274.75,55001909
2024-08-14,GOOG,272.7,279.46,270.4,273.0,73411827
2024-08-15,GOOG,271.13,277.2,268.83,274.74,70210270
2024-08-16,GOOG,272.88,278.44,265.34,265.59,38944689
2024-08-19,GOOG,268.37,275.31,263.35,272.05,80836292
2024-08-20,GOOG,271.16,275.39,264.54,267.12,26354208
2024-08-21,GOOG,279.47,281.2,275.14,279.95,71352751
2024-08-22,GOOG,278.86,280.69,271.63,276.16,81947921
2024-08-23,GOOG,281.1,282.62,276.07,277.65,29270557
2024-08-26,GOOG,284.98,288.48,283.54,285.28,86593187
2024-08-27,GOOG,282.69,287.05,276.58,277.48,58399417
2024-08-28,GOOG,283.96,285.86,278.81,282.39,78131950
2024-08-29,GOOG,284.03,289.39,279.84,284.33,61926331
2024-08-30,GOOG,284.58,292.98,281.35,281.54,19067690
2024-09-02,GOOG,280.18,284.0,273.65,280.15,88101741
2024-09-03,GOOG,280.32,286.87,276.59,277.05,83284724
2024-09-04,GOOG,283.11,286.92,277.14,285.26,72360629
2024-09-05,GOOG,291.33,299.93,286.39,288.86,28099607
2024-09-06,GOOG,296.92,298.87,289.67,293.88,49385195
2024-09-09,GOOG,309.71,312.82,302.04,311.59,52358553
2024-09-10,GOOG,304.96,313.6,299.51,313.45,82884346
2024-09-11,GOOG,310.28,315.5,308.44,313.01,48401154
2024-09-12,GOOG,311.42,315.76,303.78,314.15,54550177
2024-09-13,GOOG,325.06,328.91,316.94,322.17,63690013
2024-09-16,GOOG,319.81,327.35,311.06,317.36,35074182
2024-09-17,GOOG,314.44,319.91,308.96,319.08,79696025
2024-09-18,GOOG,310.67,314.29,308.48,310.95,67795113
2024-09-19,GOOG,297.47,303.44,289.87,297.27,53112268
2024-09-20,GOOG,294.34,296.57,290.46,292.27,69849800
2024-09-23,GOOG,289.87,295.69,285.33,292.48,57183837
2024-09-24,GOOG,290.74,295.44,284.0,294.43,68376726
2024-09-25,GOOG,292.73,296.2,284.09,295.57,20071854
2024-09-26,GOOG,303.71,310.32,299.11,304.86,31473054
2024-09-27,GOOG,309.48,318.4,306.83,313.86,68810561
2024-09-30,GOOG,305.91,307.71,303.87,306.86,59167775
2024-10-01,GOOG,300.41,304.63,291.78,292.2,30594121
2024-10-02,GOOG,303.37,310.04,294.66,300.38,20319387
2024-10-03,GOOG,295.36,301.07,289.97,294.39,47405107
2024-10-04,GOOG,306.18,309.62,303.78,308.08,76980546
2024-10-07,GOOG,313.4,319.02,304.68,306.37,44935501
2024-10-08,GOOG,310.46,317.48,307.24,313.51,75927774
2024-10-09,GOOG,299.82,302.82,297.3,297.71,33173544
2024-10-10,GOOG,307.94,316.4,302.97,304.15,52894344
2024-10-11,GOOG,307.23,313.9,300.24,307.75,48971765
2024-10-14,GOOG,314.84,323.43,306.56,318.57,33366099
2024-10-15,GOOG,304.8,312.37,299.4,300.97,36975128
2024-10-16,GOOG,301.15,308.62,297.86,303.18,58438711
2024-10-17,GOOG,301.18,306.86,296.9,304.9,84040798
2024-10-18,GOOG,301.46,303.95,293.29,293.99,63440127
2024-10-21,GOOG,298.75,307.71,291.89,300.21,64953237
2024-10-22,GOOG,302.47,310.21,300.4,309.94,19954260
2024-10-23,GOOG,296.01,300.82,289.5,293.4,83994695
2024-10-24,GOOG,295.17,301.37,292.35,301.07,68065043
2024-10-25,GOOG,295.88,301.08,287.98,298.87,79538491
2024-10-28,GOOG,298.92,301.56,296.19,297.92,40262109
2024-10-29,GOOG,303.17,307.31,294.52,305.97,20584397
2024-10-30,GOOG,296.35,299.69,290.16,295.41,26800072
2024-10-31,GOOG,287.26,293.18,281.41,282.51,32633927
2024-11-01,GOOG,294.6,300.43,288.85,290.83,55314533
2024-11-04,GOOG,296.56,304.29,290.9,301.95,13808225
2024-11-05,GOOG,292.12,294.17,283.73,291.78,45521514
2024-11-06,GOOG,301.18,307.59,293.9,299.6,14064904
2024-11-07,GOOG,301.88,307.15,295.64,298.97,50546385
2024-11-08,GOOG,309.0,314.28,301.24,310.17,49920898
2024-11-11,GOOG,309.42,314.48,302.55,304.44,65783806
2024-11-12,GOOG,322.17,327.68,318.92,324.23,51954112
2024-11-13,GOOG,333.48,342.33,329.15,342.17,56354851
2024-11-14,GOOG,331.82,341.57,329.08,333.71,85383550
2024-11-15,GOOG,338.27,340.86,334.53,335.31,70343755
2024-11-18,GOOG,342.64,346.48,340.1,341.95,61559717
2024-11-19,GOOG,352.02,361.39,346.58,360.84,31434525
2024-11-20,GOOG,345.23,353.98,335.44,348.81,35479101
2024-11-21,GOOG,349.97,358.4,343.86,351.34,76942394
2024-11-22,GOOG,357.38,367.02,351.15,352.58,62780072
2024-11-25,GOOG,344.81,350.89,334.75,338.22,57364777
2024-11-26,GOOG,336.65,338.74,332.6,336.27,73161098
2024-11-27,GOOG,322.92,326.84,321.24,321.84,27976443
2024-11-28,GOOG,321.18,329.87,313.73,326.06,59115280
2024-11-29,GOOG,325.79,327.79,323.74,326.02,58657117
2024-12-02,GOOG,335.58,341.9,333.29,337.63,83800569
2024-12-03,GOOG,336.08,340.11,326.09,335.63,25946545
2024-12-04,GOOG,347.03,349.88,344.46,346.48,55511258
2024-12-05,GOOG,337.45,343.84,332.68,334.29,78333267
2024-12-06,GOOG,325.95,330.85,323.99,324.26,54699966
2024-12-09,GOOG,325.59,333.76,319.73,321.82,79190008
2024-12-10,GOOG,328.09,330.88,318.81,322.65,62741471
2024-12-11,GOOG,327.88,337.64,320.18,325.4,55147280
2024-12-12,GOOG,314.32,319.88,308.74,314.2,85554415
2024-12-13,GOOG,313.76,317.68,305.79,310.17,24710878
2024-12-16,GOOG,305.57,314.58,299.58,311.53,13576520
2024-12-17,GOOG,309.66,315.83,306.06,312.47,87641510
2024-12-18,GOOG,311.93,317.99,304.74,312.47,32885741
2024-12-19,GOOG,306.07,311.61,299.02,308.77,61028283
2024-12-20,GOOG,302.92,305.55,296.25,296.54,24749927
2024-12-23,GOOG,296.5,299.4,291.75,294.95,65426567
2024-12-24,GOOG,296.13,302.72,291.61,300.22,73297813
2024-12-25,GOOG,301.79,309.88,294.73,295.67,28533117
2024-12-26,GOOG,295.84,301.16,290.21,301.14,74205866
2024-12-27,GOOG,298.82,304.24,294.98,296.58,81555103
2024-12-30,GOOG,295.65,299.66,291.55,297.81,45482091
2024-12-31,GOOG,290.96,296.85,288.11,290.26,84905122
2025-01-01,GOOG,290.34,293.96,282.05,293.75,48789478
2025-01-02,GOOG,284.33,290.76,278.0,284.24,74398125
2025-01-03,GOOG,281.18,285.04,273.21,282.62,46702849
2025-01-06,GOOG,274.44,277.79,269.13,273.83,62953249
2025-01-07,GOOG,285.22,292.48,276.99,289.45,48983895
2025-01-08,GOOG,285.42,287.15,277.18,277.97,69374716
2025-01-09,GOOG,281.43,287.45,274.76,277.48,82286705
2025-01-10,GOOG,282.63,285.96,277.25,279.62,24660143
2025-01-13,GOOG,282.0,287.75,276.45,279.19,81275182
2025-01-14,GOOG,280.75,283.74,277.71,278.31,54331259
2025-01-15,GOOG,284.2,290.72,282.06,288.73,10695441
2025-01-16,GOOG,288.51,296.91,280.01,282.68,73847325
2025-01-17,GOOG,285.45,290.28,282.6,290.0,53106399
2025-01-20,GOOG,282.16,285.58,280.33,284.37,87058874
2025-01-21,GOOG,280.61,283.64,274.02,282.2,15006085
2025-01-22,GOOG,267.69,275.14,265.18,273.97,33593960
2025-01-23,GOOG,259.58,266.94,258.05,265.48,76489301
2025-01-24,GOOG,266.68,269.26,260.35,268.12,48851599
2025-01-27,GOOG,275.45,282.86,274.01,279.04,24401654
2025-01-28,GOOG,274.08,281.81,270.41,275.59,82920556
2025-01-29,GOOG,277.24,282.26,269.69,271.38,77674279
2025-01-30,GOOG,278.97,283.63,276.23,277.06,31809610
2025-01-31,GOOG,296.15,303.04,289.87,299.33,11890348
2025-02-03,GOOG,302.78,309.87,295.28,303.56,35925669
2025-02-04,GOOG,302.01,304.85,294.04,303.74,67405358
2025-02-05,GOOG,296.24,301.54,294.12,299.09,34800912
2025-02-06,GOOG,286.72,295.19,281.86,294.33,10916723
2025-02-07,GOOG,287.89,291.21,284.76,289.62,54241559
2025-02-10,GOOG,283.54,287.1,277.0,277.12,58258264
2025-02-11,GOOG,275.47,281.62,273.66,274.6,51178850
2025-02-12,GOOG,271.91,274.36,265.89,273.71,51738753
2025-02-13,GOOG,266.03,271.95,260.45,271.27,59330907
2025-02-14,GOOG,275.01,280.61,272.13,273.26,30560218
2025-02-17,GOOG,279.86,284.44,271.54,276.36,83717007
2025-02-18,GOOG,279.82,287.6,273.12,284.73,39314711
2025-02-19,GOOG,288.1,295.03,281.76,289.67,20988446
2025-02-20,GOOG,288.55,293.78,283.3,287.09,85721444
2025-02-21,GOOG,283.58,285.79,276.29,284.87,37133023
2025-02-24,GOOG,292.22,297.86,289.66,292.35,79839059
2025-02-25,GOOG,295.37,300.11,288.87,296.93,75609379
2025-02-26,GOOG,289.24,291.34,284.1,289.95,70858653
2025-02-27,GOOG,288.14,290.53,283.71,287.56,85000490
2025-02-28,GOOG,283.09,287.78,275.96,284.51,63143336
2025-03-03,GOOG,275.26,278.39,273.86,274.85,19801857
2025-03-04,GOOG,280.36,282.08,276.54,276.89,18087373
2025-03-05,GOOG,291.07,299.33,289.11,298.65,14259382
2025-03-06,GOOG,282.93,286.38,280.24,281.07,66420024
2025-03-07,GOOG,286.12,290.23,278.31,283.66,60666702
2025-03-10,GOOG,282.4,286.46,276.17,282.98,82383656
2025-03-11,GOOG,279.65,281.98,272.24,273.4,82109613
2025-03-12,GOOG,276.34,280.44,274.08,280.3,10466177
2025-03-13,GOOG,271.56,278.05,263.56,270.27,83074216
2025-03-14,GOOG,271.82,276.06,267.88,269.76,71824078
2025-03-17,GOOG,267.3,270.95,264.12,270.52,25145751
2025-03-18,GOOG,268.75,270.31,262.97,267.48,12099943
2025-03-19,GOOG,268.48,271.44,266.69,269.51,69920305
2025-03-20,GOOG,267.2,272.53,261.17,261.72,15937353
2025-03-21,GOOG,262.35,266.3,259.5,260.98,17575790
2025-03-24,GOOG,259.32,261.53,251.58,253.91,87324220
2025-03-25,GOOG,263.24,266.65,257.99,263.81,53038943
2025-03-26,GOOG,265.88,268.78,258.73,268.64,79961132
2025-03-27,GOOG,260.68,263.42,257.42,257.79,89412216
2025-03-28,GOOG,261.2,268.25,253.94,262.9,67337891
2025-03-31,GOOG,265.13,270.14,263.49,265.78,61157708
2024-04-01,TSLA,257.1609191961036,260.5,253.2,254.29,60527631
2024-04-02,TSLA,248.57,250.96,243.98,245.66,40245233
2024-04-03,TSLA,251.27,254.42,245.57,252.7,17734153
2024-04-04,TSLA,247.94,252.67,240.7,247.37,27997624
2024-04-05,TSLA,250.77,254.46,247.92,250.08,20612653
2024-04-08,TSLA,246.94,253.87,240.48,241.72,35566010
2024-04-09,TSLA,238.03,239.53,234.6,237.58,15307982
2024-04-10,TSLA,230.28,236.46,228.05,234.46,85007641
2024-04-11,TSLA,230.5,232.9,228.14,232.46,50693207
2024-04-12,TSLA,231.7,238.4,230.45,237.9,25745913
2024-04-15,TSLA,227.51,232.9,222.08,231.97,37449289
2024-04-16,TSLA,230.42,233.86,227.89,229.81,47991562
2024-04-17,TSLA,222.76,225.99,218.67,221.3,45106207
2024-04-18,TSLA,222.47,225.58,216.45,220.7,73013937
2024-04-19,TSLA,217.08,222.3,214.26,215.89,51999682
2024-04-22,TSLA,214.25,217.54,210.17,211.8,29585415
2024-04-23,TSLA,214.45,215.61,210.41,213.45,66046380
2024-04-24,TSLA,210.76,213.37,208.67,209.75,86475853
2024-04-25,TSLA,209.14,214.54,205.48,211.41,55307111
2024-04-26,TSLA,213.35,215.79,207.9,215.53,75846624
2024-04-29,TSLA,210.89,214.37,205.97,208.93,28784915
2024-04-30,TSLA,214.41,219.34,210.72,218.62,82764376
2024-05-01,TSLA,209.57,215.81,203.51,209.95,19976458
2024-05-02,TSLA,211.79,217.85,207.19,215.34,65350347
2024-05-03,TSLA,217.9,219.74,213.37,213.8,30270856
2024-05-06,TSLA,207.13,208.21,203.48,205.25,74854563
2024-05-07,TSLA,203.83,208.21,202.73,205.65,65208920
2024-05-08,TSLA,206.18,207.27,202.42,203.75,48478684
2024-05-09,TSLA,205.34,206.45,200.14,204.39,34060788
2024-05-10,TSLA,206.86,208.45,205.33,205.79,35760684
2024-05-13,TSLA,204.36,208.55,202.05,204.35,63270536
2024-05-14,TSLA,204.71,206.14,198.78,202.16,42642810
2024-05-15,TSLA,204.07,210.14,201.9,207.54,20820219
2024-05-16,TSLA,208.84,213.3,203.32,210.9,22549425
2024-05-17,TSLA,209.9,213.08,206.87,209.83,11268380
2024-05-20,TSLA,211.32,216.09,209.83,215.12,54462389
2024-05-21,TSLA,209.58,213.59,204.04,204.95,80888325
2024-05-22,TSLA,207.54,213.35,205.31,212.56,86072480
2024-05-23,TSLA,205.74,209.21,204.47,204.82,47631028
2024-05-24,TSLA,207.36,213.06,203.4,203.72,52209421
2024-05-27,TSLA,205.61,206.72,203.52,203.98,63458386
2024-05-28,TSLA,206.8,212.64,204.22,208.97,86060638
2024-05-29,TSLA,215.38,220.95,212.21,220.05,54524025
2024-05-30,TSLA,219.13,222.33,213.98,220.58,20526386
2024-05-31,TSLA,217.7,221.51,211.31,211.86,68664992
2024-06-03,TSLA,222.93,225.34,221.39,223.78,89941241
2024-06-04,TSLA,221.11,224.41,215.73,215.99,46685332
2024-06-05,TSLA,212.1,217.32,208.65,210.63,84227466
2024-06-06,TSLA,207.82,213.75,204.54,210.8,61012496
2024-06-07,TSLA,200.04,201.47,195.95,200.36,19865900
2024-06-10,TSLA,198.63,200.03,196.87,199.12,30706693
2024-06-11,TSLA,198.7,203.37,196.13,196.9,10697290
2024-06-12,TSLA,205.36,211.23,202.05,209.04,23721268
2024-06-13,TSLA,206.7,208.42,204.7,206.37,84455942
2024-06-14,TSLA,205.79,209.46,204.23,204.7,84386123
2024-06-17,TSLA,209.2,210.73,205.03,206.88,61705758
2024-06-18,TSLA,199.95,201.01,196.88,200.1,85099723
2024-06-19,TSLA,200.89,206.44,194.97,201.53,32761034
2024-06-20,TSLA,203.99,208.5,202.11,203.83,46024950
2024-06-21,TSLA,197.96,201.39,196.66,198.72,66519399
2024-06-24,TSLA,202.49,205.02,197.52,200.23,43096758
2024-06-25,TSLA,203.86,208.55,200.31,205.39,71453148
2024-06-26,TSLA,202.17,203.72,199.62,203.51,54589439
2024-06-27,TSLA,204.73,210.06,201.76,208.92,69085720
2024-06-28,TSLA,214.03,216.89,208.6,215.73,89778067
2024-07-01,TSLA,214.81,216.62,212.01,216.38,36957830
2024-07-02,TSLA,215.88,219.54,213.84,216.11,52833932
2024-07-03,TSLA,213.9,216.53,209.11,212.75,87293208
2024-07-04,TSLA,210.26,215.42,207.5,209.72,62738860
2024-07-05,TSLA,213.75,216.77,207.7,209.51,83233096
2024-07-08,TSLA,210.09,212.09,205.01,205.2,71957885
2024-07-09,TSLA,210.39,216.4,208.24,214.75,19282319
2024-07-10,TSLA,208.38,213.69,203.19,207.49,77015343
2024-07-11,TSLA,210.38,212.16,207.74,208.86,30688754
2024-07-12,TSLA,211.78,216.63,206.54,207.29,74321792
2024-07-15,TSLA,216.17,220.4,212.2,219.77,66143368
2024-07-16,TSLA,213.96,217.94,208.66,212.0,82062301
2024-07-17,TSLA,212.81,217.03,206.88,207.99,43316996
2024-07-18,TSLA,208.64,213.11,205.75,210.51,15945401
2024-07-19,TSLA,206.79,210.74,202.42,207.8,54506155
2024-07-22,TSLA,208.35,214.42,205.07,205.17,44727276
2024-07-23,TSLA,211.5,213.73,206.49,210.53,87206788
2024-07-24,TSLA,207.6,209.79,204.62,207.01,88999206
2024-07-25,TSLA,211.21,215.91,209.36,215.89,74796438
2024-07-26,TSLA,216.94,218.59,213.6,218.4,25578562
2024-07-29,TSLA,218.73,224.37,213.64,217.38,56045630
2024-07-30,TSLA,226.94,230.66,224.63,227.54,73909453
2024-07-31,TSLA,223.43,225.09,218.28,221.36,19015987
2024-08-01,TSLA,217.87,220.59,212.37,213.32,56047142
2024-08-02,TSLA,210.12,214.57,205.51,207.0,42737441
2024-08-05,TSLA,216.41,220.28,212.34,214.97,67226329
2024-08-06,TSLA,219.24,225.59,216.87,220.4,34756698
2024-08-07,TSLA,219.0,221.12,214.31,217.0,36484437
2024-08-08,TSLA,220.23,223.81,216.76,216.79,38829445
2024-08-09,TSLA,215.27,217.45,210.14,216.05,18397164
2024-08-12,TSLA,225.8,230.19,220.16,225.54,59095909
2024-08-13,TSLA,226.38,229.36,222.66,224.42,75697427
2024-08-14,TSLA,226.88,231.01,222.12,227.43,62686364
2024-08-15,TSLA,230.17,234.7,227.02,233.51,33156250
2024-08-16,TSLA,232.38,238.27,227.12,230.44,89211057
2024-08-19,TSLA,233.42,235.08,231.47,231.9,50987410
2024-08-20,TSLA,229.73,231.55,226.44,227.16,62138657
2024-08-21,TSLA,231.9,235.48,229.94,232.07,34931439
2024-08-22,TSLA,240.63,244.76,236.19,244.07,33251181
2024-08-23,TSLA,247.1,251.76,242.84,244.09,52222214
2024-08-26,TSLA,254.97,261.61,249.75,260.02,11286267
2024-08-27,TSLA,252.36,256.68,249.87,252.48,85374270
2024-08-28,TSLA,247.37,251.73,243.07,249.0,65784972
2024-08-29,TSLA,246.75,252.36,242.78,244.38,85886408
2024-08-30,TSLA,247.03,248.46,241.09,243.24,46890134
2024-09-02,TSLA,252.44,255.12,249.36,253.86,85920319
2024-09-03,TSLA,243.9,249.65,238.01,244.41,25194922
2024-09-04,TSLA,251.36,256.22,248.42,252.66,59239353
2024-09-05,TSLA,250.57,255.22,244.58,252.67,69239219
2024-09-06,TSLA,248.43,253.07,241.04,242.27,43223132
2024-09-09,TSLA,243.4,246.43,236.1,240.75,56785209
2024-09-10,TSLA,235.34,241.59,233.65,240.52,25755285
2024-09-11,TSLA,239.21,245.04,236.6,243.44,88909809
2024-09-12,TSLA,239.56,244.89,233.21,240.34,67467610
2024-09-13,TSLA,233.38,235.52,231.4,232.25,37775381
2024-09-16,TSLA,227.34,233.05,222.96,228.33,82312290
2024-09-17,TSLA,225.81,227.89,219.15,221.71,86871268
2024-09-18,TSLA,233.35,236.08,227.18,235.95,22780905
2024-09-19,TSLA,232.14,234.09,226.63,229.7,17957216
2024-09-20,TSLA,225.16,231.87,219.15,220.76,27809465
2024-09-23,TSLA,224.05,226.57,218.95,225.26,62707402
2024-09-24,TSLA,222.83,226.67,218.5,220.7,65596350
2024-09-25,TSLA,210.81,213.84,209.36,212.92,22494970
2024-09-26,TSLA,210.58,213.75,205.58,211.26,59535894
2024-09-27,TSLA,209.61,213.04,206.0,210.1,22501261
2024-09-30,TSLA,212.53,217.48,209.03,214.64,58079840
2024-10-01,TSLA,220.39,226.18,214.9,219.39,67665720
2024-10-02,TSLA,225.36,231.13,221.45,224.58,48063218
2024-10-03,TSLA,224.15,227.16,219.79,223.96,75140950
2024-10-04,TSLA,219.19,224.61,213.19,221.89,16166355
2024-10-07,TSLA,230.47,232.2,224.8,228.2,26674831
2024-10-08,TSLA,230.74,237.26,228.67,232.59,67418250
2024-10-09,TSLA,230.8,233.12,225.67,226.65,50515702
2024-10-10,TSLA,230.69,232.76,224.16,226.52,58376818
2024-10-11,TSLA,231.6,234.21,228.29,233.64,32216400
2024-10-14,TSLA,230.93,232.38,226.16,230.68,41426254
2024-10-15,TSLA,228.28,231.87,226.62,227.12,38644905
2024-10-16,TSLA,225.78,229.6,223.9,225.19,69735865
2024-10-17,TSLA,225.63,226.81,220.58,225.67,66682016
2024-10-18,TSLA,223.18,228.17,219.4,221.41,21989814
2024-10-21,TSLA,220.0,225.12,218.34,220.46,50165370
2024-10-22,TSLA,220.47,222.33,215.1,220.55,27870584
2024-10-23,TSLA,219.35,223.96,214.54,215.18,85603667
2024-10-24,TSLA,225.95,227.13,221.15,223.78,38595818
2024-10-25,TSLA,213.97,218.4,212.09,214.69,69375757
2024-10-28,TSLA,218.64,224.43,217.07,217.81,26529882
2024-10-29,TSLA,224.09,228.51,220.82,228.23,52211967
2024-10-30,TSLA,214.8,220.12,212.4,217.38,43308414
2024-10-31,TSLA,213.33,217.35,209.06,214.1,13600310
2024-11-01,TSLA,211.75,217.3,207.21,210.25,79491111
2024-11-04,TSLA,205.79,209.94,203.79,206.2,17324144
2024-11-05,TSLA,202.59,207.57,197.56,199.96,61792685
2024-11-06,TSLA,198.09,199.64,194.63,197.61,80905413
2024-11-07,TSLA,205.03,210.61,203.94,206.35,52476240
2024-11-08,TSLA,208.87,210.6,203.33,207.46,59044830
2024-11-11,TSLA,214.18,218.18,212.18,215.01,19796799
2024-11-12,TSLA,217.27,218.45,215.82,216.51,15345470
2024-11-13,TSLA,212.36,218.32,206.26,211.06,48451741
2024-11-14,TSLA,210.13,214.48,206.45,209.79,63992760
2024-11-15,TSLA,212.19,213.69,208.28,211.61,47241089
2024-11-18,TSLA,207.0,208.47,205.56,208.24,30854365
2024-11-19,TSLA,209.95,213.82,206.85,211.27,18873816
2024-11-20,TSLA,208.94,211.6,205.61,211.32,42029368
2024-11-21,TSLA,207.37,208.71,205.89,207.12,70850538
2024-11-22,TSLA,210.32,214.59,208.98,212.72,33574794
2024-11-25,TSLA,212.19,213.88,207.37,211.94,31989243
2024-11-26,TSLA,210.66,214.33,207.78,211.17,44795538
2024-11-27,TSLA,215.54,217.52,213.78,216.7,46072958
2024-11-28,TSLA,210.88,215.8,209.2,215.14,54964418
2024-11-29,TSLA,213.48,218.85,210.96,211.46,87396877
2024-12-02,TSLA,216.01,220.48,212.25,216.45,17440911
2024-12-03,TSLA,214.67,218.42,210.55,213.44,44241100
2024-12-04,TSLA,216.07,221.33,210.16,217.69,25479814
2024-12-05,TSLA,210.66,212.92,206.93,207.19,11649277
2024-12-06,TSLA,214.55,216.93,210.95,213.24,30144023
2024-12-09,TSLA,213.76,215.79,207.56,207.85,66286795
2024-12-10,TSLA,211.53,213.77,209.16,213.38,52940967
2024-12-11,TSLA,215.97,218.51,214.47,215.98,77382794
2024-12-12,TSLA,212.93,217.58,211.58,212.92,79226031
2024-12-13,TSLA,206.93,213.04,200.96,201.79,72423883
2024-12-16,TSLA,200.49,205.83,195.61,198.79,21594468
2024-12-17,TSLA,202.92,206.74,201.86,202.84,85672859
2024-12-18,TSLA,197.72,202.59,193.08,195.39,59428849
2024-12-19,TSLA,204.66,208.71,201.11,206.98,36229153
2024-12-20,TSLA,196.14,200.71,192.48,199.03,30208677
2024-12-23,TSLA,202.79,203.84,199.7,200.66,56496201
2024-12-24,TSLA,203.65,207.91,199.1,199.18,54965270
2024-12-25,TSLA,203.26,204.28,198.9,203.47,51273379
2024-12-26,TSLA,201.04,202.57,197.37,198.61,76038997
2024-12-27,TSLA,202.64,208.52,196.7,198.38,47557512
2024-12-30,TSLA,202.49,203.97,196.81,203.23,79760901
2024-12-31,TSLA,206.96,210.13,201.29,205.34,21395409
2025-01-01,TSLA,207.43,211.48,203.77,208.68,62928934
2025-01-02,TSLA,208.05,209.48,204.06,206.42,27543369
2025-01-03,TSLA,206.54,208.8,204.16,205.62,62741214
2025-01-06,TSLA,206.3,210.95,201.48,204.49,46501299
2025-01-07,TSLA,207.57,209.82,201.64,202.75,88478184
2025-01-08,TSLA,200.47,202.02,198.94,200.32,52148834
2025-01-09,TSLA,195.06,198.02,191.47,197.79,37868462
2025-01-10,TSLA,197.96,201.19,194.68,200.23,22136086
2025-01-13,TSLA,198.64,200.42,194.24,199.35,15412975
2025-01-14,TSLA,197.91,199.96,192.68,193.76,43315361
2025-01-15,TSLA,197.98,203.76,195.03,195.46,50109721
2025-01-16,TSLA,199.36,201.65,193.43,193.69,64276605
2025-01-17,TSLA,197.21,202.41,193.48,198.39,22713811
2025-01-20,TSLA,194.14,197.35,189.27,190.4,11604831
2025-01-21,TSLA,194.9,196.17,190.12,191.46,36592965
2025-01-22,TSLA,191.09,195.98,188.36,193.16,21279580
2025-01-23,TSLA,192.65,196.42,190.44,195.3,12925970
2025-01-24,TSLA,186.09,191.66,184.24,189.03,27286109
2025-01-27,TSLA,189.92,191.31,184.95,190.09,26445384
2025-01-28,TSLA,191.72,192.88,188.55,189.28,87025433
2025-01-29,TSLA,192.7,195.75,188.25,191.97,61369075
2025-01-30,TSLA,196.49,200.83,194.66,195.98,35118997
2025-01-31,TSLA,203.03,205.44,199.75,200.6,42988674
2025-02-03,TSLA,207.15,211.54,203.53,210.6,74294443
2025-02-04,TSLA,199.52,200.82,197.13,197.64,36770773
2025-02-05,TSLA,194.41,198.51,189.56,191.79,82968364
2025-02-06,TSLA,191.98,196.75,186.27,194.46,58199211
2025-02-07,TSLA,192.08,195.34,187.37,190.11,85920407
2025-02-10,TSLA,194.07,197.48,191.22,192.35,52799022
2025-02-11,TSLA,191.25,195.06,190.15,194.13,47706144
2025-02-12,TSLA,191.96,193.2,186.24,189.92,88381665
2025-02-13,TSLA,189.06,194.73,183.51,184.63,42366980
2025-02-14,TSLA,186.75,188.93,182.01,188.36,17503932
2025-02-17,TSLA,181.5,185.87,176.29,181.81,62133188
2025-02-18,TSLA,178.15,180.62,173.52,179.52,33635791
2025-02-19,TSLA,173.33,175.22,171.09,174.14,58155056
2025-02-20,TSLA,169.95,174.68,168.98,172.97,86188876
2025-02-21,TSLA,173.53,176.84,170.22,171.47,76065552
2025-02-24,TSLA,170.24,173.4,168.64,168.82,17538738
2025-02-25,TSLA,179.2,181.14,177.32,179.33,10091737
2025-02-26,TSLA,180.97,183.38,177.29,182.2,55735904
2025-02-27,TSLA,181.64,185.8,176.56,184.36,53431355
2025-02-28,TSLA,178.52,179.68,176.97,178.88,29012298
2025-03-03,TSLA,181.02,185.43,176.28,184.16,19735027
2025-03-04,TSLA,178.94,181.51,173.83,176.87,23560308
2025-03-05,TSLA,179.38,181.79,177.04,181.68,68635481
2025-03-06,TSLA,188.56,193.24,183.09,189.68,33381086
2025-03-07,TSLA,188.2,192.47,184.61,191.6,57892314
2025-03-10,TSLA,192.53,194.57,188.73,189.75,51181116
2025-03-11,TSLA,189.82,194.25,187.47,188.67,10241310
2025-03-12,TSLA,189.69,195.14,184.24,188.51,86166246
2025-03-13,TSLA,196.41,197.55,192.47,197.15,39648058
2025-03-14,TSLA,193.95,198.02,192.48,195.23,54448673
2025-03-17,TSLA,200.98,205.73,198.78,205.61,32533467
2025-03-18,TSLA,203.82,208.08,197.89,206.26,55063530
2025-03-19,TSLA,201.53,204.79,199.19,200.59,19099261
2025-03-20,TSLA,204.08,206.89,199.04,204.7,16462242
2025-03-21,TSLA,208.05,211.1,203.2,210.86,65568711
2025-03-24,TSLA,210.64,214.29,207.59,211.25,23613510
2025-03-25,TSLA,204.02,209.27,198.98,204.93,40277201
2025-03-26,TSLA,201.05,202.87,199.67,202.38,49581964
2025-03-27,TSLA,200.05,201.15,197.74,198.1,55876720
2025-03-28,TSLA,199.75,201.6,196.88,200.33,83423305
2025-03-31,TSLA,202.23,208.0,196.27,200.23,74791834
2024-04-01,AMZN,240.9009293183583,244.7,235.76,241.19,68277389
2024-04-02,AMZN,241.76,243.92,239.94,240.76,35499255
2024-04-03,AMZN,235.3,238.88,230.86,238.28,82494408
2024-04-04,AMZN,237.09,239.85,234.24,235.57,16661956
2024-04-05,AMZN,239.99,243.55,235.49,239.45,17315517
2024-04-08,AMZN,242.68,246.08,238.87,240.99,74468586
2024-04-09,AMZN,247.93,250.41,246.53,247.19,49166271
2024-04-10,AMZN,252.07,259.49,247.83,249.18,63347164
2024-04-11,AMZN,254.38,258.65,247.42,250.4,83031359
2024-04-12,AMZN,254.02,257.75,250.39,253.2,35042738
2024-04-15,AMZN,245.58,249.54,242.74,245.9,40365724
2024-04-16,AMZN,247.69,254.11,242.96,244.65,22979206
2024-04-17,AMZN,248.72,250.5,245.34,248.13,89151743
2024-04-18,AMZN,250.07,252.74,248.44,250.1,80139805
2024-04-19,AMZN,243.68,247.45,239.2,246.35,73729850
2024-04-22,AMZN,238.41,243.02,235.81,237.96,62989744
2024-04-23,AMZN,243.43,250.14,237.87,244.03,79366056
2024-04-24,AMZN,243.24,249.32,237.9,244.98,26143959
2024-04-25,AMZN,246.56,253.64,242.56,253.08,32436477
2024-04-26,AMZN,246.7,253.93,240.48,242.18,66824417
2024-04-29,AMZN,246.85,248.57,241.4,242.85,29847882
2024-04-30,AMZN,251.48,257.98,248.6,257.14,18994192
2024-05-01,AMZN,248.88,250.67,244.17,247.76,47071046
2024-05-02,AMZN,249.36,253.85,242.4,242.54,88863127
2024-05-03,AMZN,247.05,251.51,243.22,246.66,29891032
2024-05-06,AMZN,244.9,249.59,240.11,249.26,23449152
2024-05-07,AMZN,243.39,250.23,238.75,239.91,48398732
2024-05-08,AMZN,244.47,250.99,237.87,249.39,45451818
2024-05-09,AMZN,242.13,245.66,237.98,242.66,15028557
2024-05-10,AMZN,248.21,250.52,244.47,248.21,63917932
2024-05-13,AMZN,243.77,245.23,237.13,239.82,41887353
2024-05-14,AMZN,242.86,244.37,238.76,240.27,59988144
2024-05-15,AMZN,240.72,242.05,234.6,236.86,47627490
2024-05-16,AMZN,247.69,254.15,241.14,250.05,40595926
2024-05-17,AMZN,248.66,250.74,241.36,245.52,53066216
2024-05-20,AMZN,253.79,256.77,249.88,254.33,35224301
2024-05-21,AMZN,246.25,250.2,239.4,243.8,75023164
2024-05-22,AMZN,247.57,253.51,240.96,251.26,79158328
2024-05-23,AMZN,251.97,258.22,250.3,255.92,64141437
2024-05-24,AMZN,252.38,254.5,245.75,253.44,13885356
2024-05-27,AMZN,257.76,260.17,250.83,252.7,17734634
2024-05-28,AMZN,255.09,257.96,250.9,257.38,36724061
2024-05-29,AMZN,262.28,265.39,255.57,260.53,26625933
2024-05-30,AMZN,274.34,280.38,271.31,275.74,69874989
2024-05-31,AMZN,272.35,274.92,265.06,270.85,56943979
2024-06-03,AMZN,269.92,273.59,262.92,265.68,22132198
2024-06-04,AMZN,277.77,281.14,273.7,274.91,86807176
2024-06-05,AMZN,286.55,293.57,283.58,285.79,40214026
2024-06-06,AMZN,283.55,289.77,280.22,284.13,12691381
2024-06-07,AMZN,281.17,288.65,272.97,283.67,73632249
2024-06-10,AMZN,279.59,287.36,273.67,281.9,11135982
2024-06-11,AMZN,272.07,274.95,266.57,274.47,46960684
2024-06-12,AMZN,267.07,271.24,263.22,266.02,43822694
2024-06-13,AMZN,261.71,264.45,258.42,261.56,63304911
2024-06-14,AMZN,257.69,262.74,256.35,262.74,60228268
2024-06-17,AMZN,257.51,262.41,252.4,255.23,24509544
2024-06-18,AMZN,258.72,263.13,255.25,257.43,53639158
2024-06-19,AMZN,266.74,273.82,263.66,270.88,50103064
2024-06-20,AMZN,261.41,263.95,256.72,258.46,17620167
2024-06-21,AMZN,266.56,273.26,259.88,267.91,52894071
2024-06-24,AMZN,265.42,271.26,259.31,267.14,49675382
2024-06-25,AMZN,265.16,268.21,261.06,263.84,14740436
2024-06-26,AMZN,268.74,274.0,260.71,271.55,56059101
2024-06-27,AMZN,262.71,268.8,259.94,264.68,73852097
2024-06-28,AMZN,264.72,272.04,258.95,265.59,32815223
2024-07-01,AMZN,265.6,272.51,258.45,261.0,23100061
2024-07-02,AMZN,268.22,272.72,261.91,269.75,85031958
2024-07-03,AMZN,269.77,276.26,267.19,273.35,55047826
2024-07-04,AMZN,283.02,289.07,280.03,282.05,51216287
2024-07-05,AMZN,279.41,283.74,271.82,276.25,88593968
2024-07-08,AMZN,276.44,279.85,269.18,274.2,88326059
2024-07-09,AMZN,272.99,278.32,267.39,272.55,36111227
2024-07-10,AMZN,269.96,274.69,262.76,267.31,50044631
2024-07-11,AMZN,266.52,270.61,259.38,261.07,36883353
2024-07-12,AMZN,272.86,276.56,264.76,275.3,71414198
2024-07-15,AMZN,280.61,283.02,273.16,274.94,20846331
2024-07-16,AMZN,277.41,282.18,271.65,273.51,17786452
2024-07-17,AMZN,272.79,274.19,269.56,273.08,32629881
2024-07-18,AMZN,275.36,280.7,272.89,279.02,21816709
2024-07-19,AMZN,272.32,274.56,268.01,270.82,67582820
2024-07-22,AMZN,275.77,283.8,271.75,272.2,36764927
2024-07-23,AMZN,276.89,283.33,268.93,281.77,81274148
2024-07-24,AMZN,268.5,271.12,262.61,267.94,43396474
2024-07-25,AMZN,276.81,279.76,269.36,272.61,23785264
2024-07-26,AMZN,286.75,290.93,281.1,282.74,16136213
2024-07-29,AMZN,283.24,286.77,279.76,284.86,80345879
2024-07-30,AMZN,281.04,284.82,273.4,284.77,56000822
2024-07-31,AMZN,282.65,291.1,277.77,287.77,32130289
2024-08-01,AMZN,284.54,292.71,276.59,283.09,40657783
2024-08-02,AMZN,288.29,291.35,279.75,282.2,12941149
2024-08-05,AMZN,299.88,305.8,297.11,300.3,15014834
2024-08-06,AMZN,298.82,303.12,292.54,300.7,16521231
2024-08-07,AMZN,294.05,299.89,292.23,293.06,12649695
2024-08-08,AMZN,285.94,287.71,283.68,285.47,26588648
2024-08-09,AMZN,281.76,287.02,277.01,278.54,11248835
2024-08-12,AMZN,281.57,285.1,275.5,281.86,46235719
2024-08-13,AMZN,291.68,297.68,285.11,290.37,24081350
2024-08-14,AMZN,288.66,293.8,282.76,285.88,24262473
2024-08-15,AMZN,289.95,295.01,284.09,292.59,80215481
2024-08-16,AMZN,289.85,298.35,285.81,290.95,31524980
2024-08-19,AMZN,296.74,298.52,291.57,293.01,74513622
2024-08-20,AMZN,311.74,315.88,310.16,314.0,24821786
2024-08-21,AMZN,308.43,316.41,301.73,303.92,22090691
2024-08-22,AMZN,305.41,312.89,303.31,310.24,44345256
2024-08-23,AMZN,311.79,318.37,306.67,318.1,45450260
2024-08-26,AMZN,316.04,321.29,313.67,315.0,15294153
2024-08-27,AMZN,327.71,336.33,323.12,332.06,67176108
2024-08-28,AMZN,331.54,339.32,329.09,336.85,16159129
2024-08-29,AMZN,329.16,330.89,326.38,329.3,54112109
2024-08-30,AMZN,333.05,337.69,327.74,333.93,22475714
2024-09-02,AMZN,340.44,345.31,335.82,336.9,63720675
2024-09-03,AMZN,346.03,356.08,341.95,347.4,74188958
2024-09-04,AMZN,349.54,358.28,342.12,355.0,25174194
2024-09-05,AMZN,357.0,359.97,348.73,359.76,31393688
2024-09-06,AMZN,365.35,368.12,355.2,361.44,86362294
2024-09-09,AMZN,375.45,383.69,371.87,376.36,58130331
2024-09-10,AMZN,380.32,388.03,370.22,385.89,27536261
2024-09-11,AMZN,379.05,385.52,372.53,384.06,69148126
2024-09-12,AMZN,380.16,382.5,375.77,377.88,80439867
2024-09-13,AMZN,389.33,398.75,381.77,391.36,55405943
2024-09-16,AMZN,382.97,389.85,374.47,383.98,68095862
2024-09-17,AMZN,385.79,394.1,381.46,385.83,61657265
2024-09-18,AMZN,382.76,386.1,372.94,384.68,17323740
2024-09-19,AMZN,382.98,385.01,372.12,378.64,72986894
2024-09-20,AMZN,392.77,403.1,382.27,383.83,75987872
2024-09-23,AMZN,394.27,399.4,389.04,391.92,78038903
2024-09-24,AMZN,394.64,398.81,386.32,391.36,41541166
2024-09-25,AMZN,383.91,386.59,377.73,382.81,21813825
2024-09-26,AMZN,389.64,399.93,383.34,385.31,76756320
2024-09-27,AMZN,394.67,404.0,392.52,397.15,14809280
2024-09-30,AMZN,411.75,419.54,409.69,410.59,50882445
2024-10-01,AMZN,409.22,420.37,401.42,413.82,71231190
2024-10-02,AMZN,411.01,422.83,405.22,406.18,39919562
2024-10-03,AMZN,413.06,423.84,407.57,420.06,73502927
2024-10-04,AMZN,426.09,435.85,420.09,427.22,23077775
2024-10-07,AMZN,425.28,435.48,420.8,425.81,49189370
2024-10-08,AMZN,427.65,435.64,421.51,423.01,32032560
2024-10-09,AMZN,432.85,440.34,421.79,435.56,64923338
2024-10-10,AMZN,434.47,437.8,425.66,427.94,62733674
2024-10-11,AMZN,430.59,435.06,419.56,422.51,55356673
2024-10-14,AMZN,432.26,435.59,425.62,434.86,89028889
2024-10-15,AMZN,441.54,445.11,429.49,436.63,89096676
2024-10-16,AMZN,432.48,444.98,428.86,436.9,81184297
2024-10-17,AMZN,433.63,443.78,425.46,433.39,88533572
2024-10-18,AMZN,427.56,434.86,419.99,433.69,33783708
2024-10-21,AMZN,437.78,447.54,433.69,444.98,23898777
2024-10-22,AMZN,424.44,430.67,415.95,428.94,77660514
2024-10-23,AMZN,419.7,431.05,413.21,424.07,43318046
2024-10-24,AMZN,422.87,427.88,410.57,427.37,70779921
2024-10-25,AMZN,436.11,447.07,432.42,441.25,78759020
2024-10-28,AMZN,435.54,440.97,425.72,438.85,84300459
2024-10-29,AMZN,430.7,439.66,426.38,434.67,49000919
2024-10-30,AMZN,446.9,456.81,434.37,437.35,33865616
2024-10-31,AMZN,433.96,441.6,424.26,429.85,25489430
2024-11-01,AMZN,414.88,424.85,406.97,417.39,66032939
2024-11-04,AMZN,418.53,427.68,407.08,418.08,66691738
2024-11-05,AMZN,414.33,424.77,406.84,407.29,29505421
2024-11-06,AMZN,405.87,408.44,403.27,404.65,31600382
2024-11-07,AMZN,411.62,423.8,402.53,405.64,18325904
2024-11-08,AMZN,413.63,422.84,408.51,419.31,14336089
2024-11-11,AMZN,408.96,414.67,402.29,409.92,85414925
2024-11-12,AMZN,398.49,409.1,389.1,400.33,41889524
2024-11-13,AMZN,405.44,412.65,395.34,407.39,16305532
2024-11-14,AMZN,410.71,422.28,404.68,421.52,51963706
2024-11-15,AMZN,409.9,421.85,407.3,418.12,37257905
2024-11-18,AMZN,425.04,433.76,414.62,431.27,40272606
2024-11-19,AMZN,415.94,427.5,406.53,420.11,88971743
2024-11-20,AMZN,403.25,410.78,395.15,407.28,35970823
2024-11-21,AMZN,397.67,402.58,393.92,399.83,35095571
2024-11-22,AMZN,397.31,408.86,388.02,390.51,15453834
2024-11-25,AMZN,399.24,405.51,391.69,393.49,88381281
2024-11-26,AMZN,397.31,407.7,395.27,401.07,30777669
2024-11-27,AMZN,400.11,402.51,388.82,396.99,50420315
2024-11-28,AMZN,390.09,396.82,382.55,387.66,52662313
2024-11-29,AMZN,401.35,408.63,389.74,399.57,77798790
2024-12-02,AMZN,400.69,404.29,393.25,397.7,56896070
2024-12-03,AMZN,409.64,413.95,405.41,408.24,58425464
2024-12-04,AMZN,412.45,417.54,400.59,411.07,73734252
2024-12-05,AMZN,416.22,428.67,405.57,428.23,11181612
2024-12-06,AMZN,420.96,424.27,415.21,417.39,42725927
2024-12-09,AMZN,424.73,437.04,415.36,422.32,25216804
2024-12-10,AMZN,430.19,436.49,422.23,426.26,79372824
2024-12-11,AMZN,441.63,452.91,435.28,449.43,69801634
2024-12-12,AMZN,443.37,450.98,437.87,446.41,52991650
2024-12-13,AMZN,449.66,457.69,436.75,440.26,82205759
2024-12-16,AMZN,448.85,457.08,439.57,443.26,38611881
2024-12-17,AMZN,461.78,474.07,454.57,456.6,82176148
2024-12-18,AMZN,455.53,467.25,443.25,461.04,68416623
2024-12-19,AMZN,471.94,481.93,458.49,476.0,30636590
2024-12-20,AMZN,471.56,474.2,460.75,461.26,19831184
2024-12-23,AMZN,458.07,460.98,446.68,454.66,87170132
2024-12-24,AMZN,459.24,470.97,446.48,456.46,70549061
2024-12-25,AMZN,452.98,462.38,445.81,446.09,25878730
2024-12-26,AMZN,460.6,469.06,450.91,462.13,88598977
2024-12-27,AMZN,454.59,457.38,442.68,447.94,77489633
2024-12-30,AMZN,450.53,453.98,439.41,443.8,21610534
2024-12-31,AMZN,433.5,438.72,421.29,427.94,14136476
2025-01-01,AMZN,429.58,436.82,421.7,423.76,62478133
2025-01-02,AMZN,408.75,418.94,398.03,404.2,29337491
2025-01-03,AMZN,395.8,400.73,385.04,400.19,60080729
2025-01-06,AMZN,401.82,413.45,399.7,411.73,28974879
2025-01-07,AMZN,408.14,411.44,406.05,409.27,82095327
2025-01-08,AMZN,411.61,419.3,408.68,410.91,56150987
2025-01-09,AMZN,403.65,407.8,392.49,405.53,29120002
2025-01-10,AMZN,403.26,406.9,399.02,405.6,36082023
2025-01-13,AMZN,403.23,406.4,394.45,401.23,17299874
2025-01-14,AMZN,393.89,404.24,382.74,404.12,71909967
2025-01-15,AMZN,405.73,414.3,402.96,410.58,43646722
2025-01-16,AMZN,412.85,415.93,403.3,409.45,54406060
2025-01-17,AMZN,411.03,416.76,402.08,405.52,48270459
2025-01-20,AMZN,411.25,419.68,399.94,406.21,70484679
2025-01-21,AMZN,412.96,418.41,404.09,414.02,30454105
2025-01-22,AMZN,396.1,403.68,390.51,394.68,67486445
2025-01-23,AMZN,394.14,397.77,389.08,395.91,68535581
2025-01-24,AMZN,388.76,393.39,383.32,390.16,54501625
2025-01-27,AMZN,380.97,391.24,374.66,380.61,50999730
2025-01-28,AMZN,378.83,385.34,375.91,382.0,21002322
2025-01-29,AMZN,392.45,402.67,382.06,384.95,82292089
2025-01-30,AMZN,397.48,401.42,388.2,396.48,20120010
2025-01-31,AMZN,392.94,403.67,382.63,395.92,88100019
2025-02-03,AMZN,397.44,405.18,387.81,391.51,14919926
2025-02-04,AMZN,408.56,416.24,400.97,416.22,73364719
2025-02-05,AMZN,416.12,425.0,412.49,417.4,89134873
2025-02-06,AMZN,416.62,426.34,411.51,418.4,78506338
2025-02-07,AMZN,411.23,414.22,405.43,405.52,42062038
2025-02-10,AMZN,416.97,427.89,406.48,419.63,32259144
2025-02-11,AMZN,420.25,430.31,416.67,418.84,86015183
2025-02-12,AMZN,427.77,440.05,418.58,439.36,74894729
2025-02-13,AMZN,433.2,445.54,430.6,441.98,41104946
2025-02-14,AMZN,442.29,445.2,435.99,436.38,37752746
2025-02-17,AMZN,437.56,445.41,426.71,433.97,71021210
2025-02-18,AMZN,449.09,461.23,446.4,456.02,23854626
2025-02-19,AMZN,450.86,461.05,442.73,457.93,45341684
2025-02-20,AMZN,469.57,478.71,460.53,467.38,60803895
2025-02-21,AMZN,463.1,469.64,453.22,466.94,79345320
2025-02-24,AMZN,479.18,484.59,465.13,469.47,64471218
2025-02-25,AMZN,481.08,487.73,468.24,477.73,74707720
2025-02-26,AMZN,474.81,487.72,472.36,485.91,69042204
2025-02-27,AMZN,470.21,474.51,466.95,471.81,38389345
2025-02-28,AMZN,467.2,471.29,463.03,468.0,25882013
2025-03-03,AMZN,471.16,481.3,463.92,469.66,25212062
2025-03-04,AMZN,476.09,484.2,468.01,471.42,31642106
2025-03-05,AMZN,470.63,480.6,463.44,467.62,27164449
2025-03-06,AMZN,470.4,479.5,466.15,474.55,15260108
2025-03-07,AMZN,490.55,503.93,486.3,489.23,34164229
2025-03-10,AMZN,507.5,516.59,499.82,516.07,12499138
2025-03-11,AMZN,511.93,525.73,500.05,521.14,21508969
2025-03-12,AMZN,512.32,517.66,501.99,509.38,74648438
2025-03-13,AMZN,513.55,518.31,500.32,511.13,88201440
2025-03-14,AMZN,519.85,533.11,514.89,526.91,45503367
2025-03-17,AMZN,509.22,513.9,497.95,512.66,89268452
2025-03-18,AMZN,506.6,510.0,499.28,500.7,12222998
2025-03-19,AMZN,489.69,494.62,476.72,485.75,66343932
2025-03-20,AMZN,493.6,506.27,483.66,487.67,15239398
2025-03-21,AMZN,499.99,513.46,490.85,507.86,22507745
2025-03-24,AMZN,495.16,503.61,491.07,498.64,10161088
2025-03-25,AMZN,510.75,524.76,498.3,515.48,80067590
2025-03-26,AMZN,498.23,505.96,484.84,499.57,67573535
2025-03-27,AMZN,483.64,488.83,471.52,485.19,61168696
2025-03-28,AMZN,485.81,492.5,473.61,490.76,87325627
2025-03-31,AMZN,495.98,499.67,491.84,495.58,41207351
2024-04-01,MSFT,282.017071335097,284.02,276.39,280.54,44601998
2024-04-02,MSFT,291.51,294.35,284.88,292.36,87576121
2024-04-03,MSFT,288.83,294.05,283.63,287.54,37570830
2024-04-04,MSFT,295.06,301.61,291.25,295.0,30774029
2024-04-05,MSFT,294.83,299.44,289.04,291.76,81954780
2024-04-08,MSFT,293.81,298.39,289.66,292.07,63345392
2024-04-09,MSFT,299.0,306.14,294.42,303.61,74755726
2024-04-10,MSFT,302.9,305.77,297.15,301.32,51158280
2024-04-11,MSFT,293.35,299.05,286.21,291.32,28531242
2024-04-12,MSFT,302.01,309.98,295.52,306.33,69940949
2024-04-15,MSFT,310.35,317.98,301.43,303.09,78228715
2024-04-16,MSFT,306.47,311.07,302.34,307.15,16986408
2024-04-17,MSFT,308.9,311.69,299.91,299.97,22225702
2024-04-18,MSFT,311.95,319.93,306.71,314.65,21830043
2024-04-19,MSFT,313.58,315.65,310.27,310.7,15067435
2024-04-22,MSFT,310.13,317.3,301.36,307.75,79928180
2024-04-23,MSFT,305.96,309.68,297.06,297.79,33524492
2024-04-24,MSFT,305.8,312.22,300.92,303.2,79545356
2024-04-25,MSFT,312.97,316.77,311.14,314.52,79231333
2024-04-26,MSFT,316.37,323.48,309.92,319.06,58283485
2024-04-29,MSFT,314.02,317.47,312.45,313.24,47035619
2024-04-30,MSFT,318.87,326.68,314.46,319.29,88662348
2024-05-01,MSFT,300.7,303.71,299.08,302.34,22101856
2024-05-02,MSFT,307.61,313.37,300.49,307.69,88239864
2024-05-03,MSFT,296.91,300.98,288.28,291.79,36108729
2024-05-06,MSFT,294.76,299.58,290.31,290.35,33492771
2024-05-07,MSFT,288.16,292.53,285.95,286.43,49493811
2024-05-08,MSFT,280.7,284.49,278.48,281.56,44587020
2024-05-09,MSFT,287.22,294.95,279.95,288.57,69427400
2024-05-10,MSFT,284.53,292.82,279.1,289.66,55588495
2024-05-13,MSFT,286.5,294.82,281.78,287.79,88762521
2024-05-14,MSFT,286.23,293.83,281.35,284.57,61361533
2024-05-15,MSFT,288.96,294.98,280.33,290.25,40860700
2024-05-16,MSFT,289.4,296.64,284.97,289.09,81893982
2024-05-17,MSFT,281.97,283.45,274.69,276.86,22483514
2024-05-20,MSFT,287.59,291.9,280.77,284.58,84430642
2024-05-21,MSFT,284.75,292.8,279.93,284.48,87002404
2024-05-22,MSFT,275.89,279.13,267.98,275.6,35523849
2024-05-23,MSFT,273.53,278.31,270.8,276.32,45622106
2024-05-24,MSFT,281.74,284.61,278.9,280.33,57785185
2024-05-27,MSFT,286.53,289.08,284.33,288.7,76124358
2024-05-28,MSFT,284.53,290.32,277.67,284.52,15672460
2024-05-29,MSFT,282.54,289.94,278.51,282.12,87110685
2024-05-30,MSFT,280.72,288.22,275.87,288.03,78603195
2024-05-31,MSFT,292.38,295.89,289.29,293.1,17267644
2024-06-03,MSFT,294.61,299.96,290.02,299.36,14370484
2024-06-04,MSFT,297.14,302.36,292.73,299.34,33461307
2024-06-05,MSFT,303.26,308.24,300.83,304.67,52365995
2024-06-06,MSFT,304.71,311.48,303.1,304.87,87981603
2024-06-07,MSFT,303.13,305.41,298.87,304.51,35119175
2024-06-10,MSFT,301.94,307.59,298.64,302.86,56049627
2024-06-11,MSFT,301.51,305.78,296.24,298.25,59970552
2024-06-12,MSFT,301.29,305.55,296.77,300.73,86693314
2024-06-13,MSFT,305.67,308.2,299.74,301.67,23404289
2024-06-14,MSFT,305.99,313.03,298.31,306.48,61121302
2024-06-17,MSFT,310.47,313.54,302.71,310.71,73483243
2024-06-18,MSFT,309.97,317.76,307.05,312.4,79391501
2024-06-19,MSFT,310.46,316.16,306.46,311.18,43685164
2024-06-20,MSFT,298.05,303.73,292.33,296.87,31923376
2024-06-21,MSFT,303.51,305.48,295.82,300.42,22925420
2024-06-24,MSFT,305.61,310.58,301.53,304.8,85208908
2024-06-25,MSFT,311.71,317.61,303.84,308.58,65265613
2024-06-26,MSFT,293.65,296.01,285.81,295.63,36703705
2024-06-27,MSFT,305.92,311.86,299.42,306.12,48199537
2024-06-28,MSFT,305.07,309.3,298.41,303.72,69985944
2024-07-01,MSFT,311.83,320.32,307.3,311.03,29441214
2024-07-02,MSFT,305.34,313.49,298.92,312.45,66615250
2024-07-03,MSFT,309.08,315.5,303.12,313.63,19575640
2024-07-04,MSFT,302.57,304.68,298.46,300.41,49105187
2024-07-05,MSFT,298.8,305.6,292.78,297.85,69713250
2024-07-08,MSFT,310.24,317.85,301.41,313.71,79918804
2024-07-09,MSFT,309.06,318.07,304.32,306.85,13100576
2024-07-10,MSFT,310.4,312.92,307.03,308.51,20746107
2024-07-11,MSFT,315.8,319.04,311.09,311.85,73509922
2024-07-12,MSFT,318.93,324.9,317.13,320.21,21173787
2024-07-15,MSFT,319.89,322.32,313.35,314.11,62324272
2024-07-16,MSFT,322.22,326.32,318.62,320.81,26966692
2024-07-17,MSFT,337.71,340.51,328.94,329.27,57894420
2024-07-18,MSFT,337.32,346.26,332.89,339.26,82555977
2024-07-19,MSFT,338.68,348.29,332.34,334.5,82381952
2024-07-22,MSFT,345.8,349.06,338.9,345.31,85696716
2024-07-23,MSFT,353.45,359.06,346.03,352.99,56596140
2024-07-24,MSFT,361.84,368.01,357.98,358.88,51321368
2024-07-25,MSFT,366.46,371.64,362.25,365.1,10012394
2024-07-26,MSFT,358.08,364.56,349.5,351.55,48488577
2024-07-29,MSFT,369.78,375.97,367.85,375.34,74030858
2024-07-30,MSFT,361.3,365.81,352.58,363.14,41033204
2024-07-31,MSFT,363.49,372.55,356.69,359.68,85236332
2024-08-01,MSFT,358.01,363.71,353.98,360.94,62307771
2024-08-02,MSFT,357.55,366.74,353.79,354.82,42153442
2024-08-05,MSFT,359.9,366.35,350.9,360.37,46489118
2024-08-06,MSFT,362.21,366.6,353.67,364.13,65419020
2024-08-07,MSFT,365.27,368.81,362.82,363.64,24811778
2024-08-08,MSFT,377.06,384.95,369.35,373.6,76034587
2024-08-09,MSFT,380.48,384.17,378.39,378.68,81802559
2024-08-12,MSFT,378.62,380.72,367.52,371.24,26782477
2024-08-13,MSFT,385.92,394.75,376.98,381.12,30224423
2024-08-14,MSFT,395.1,397.22,390.98,393.6,76893545
2024-08-15,MSFT,385.4,396.94,379.01,393.2,54325223
2024-08-16,MSFT,390.0,392.73,380.73,382.48,45769504
2024-08-19,MSFT,395.47,405.12,392.79,398.59,35795612
2024-08-20,MSFT,393.12,403.89,388.7,394.5,11693222
2024-08-21,MSFT,403.94,407.19,394.16,397.4,69453211
2024-08-22,MSFT,402.73,407.23,390.7,393.99,22611138
2024-08-23,MSFT,403.74,411.02,391.81,400.89,51890609
2024-08-26,MSFT,402.34,413.77,398.73,409.68,83763371
2024-08-27,MSFT,402.47,409.72,397.91,405.45,36672234
2024-08-28,MSFT,393.65,399.17,391.17,396.5,25157001
2024-08-29,MSFT,382.31,386.48,376.25,376.4,47057520
2024-08-30,MSFT,394.5,402.24,388.62,391.93,15636254
2024-09-02,MSFT,387.82,395.39,379.18,390.34,30802666
2024-09-03,MSFT,380.13,385.56,377.38,378.67,22267708
2024-09-04,MSFT,363.76,371.82,358.86,371.43,18060088
2024-09-05,MSFT,359.11,361.44,351.53,358.48,24413864
2024-09-06,MSFT,349.61,352.46,345.83,352.34,56616197
2024-09-09,MSFT,361.09,370.17,355.32,358.19,60703288
2024-09-10,MSFT,368.38,373.52,365.3,372.69,75136149
2024-09-11,MSFT,363.31,371.54,356.42,364.63,75779034
2024-09-12,MSFT,379.68,383.38,376.01,378.57,72866875
2024-09-13,MSFT,387.14,391.74,377.16,390.49,84426456
2024-09-16,MSFT,384.62,388.08,377.59,382.3,45346140
2024-09-17,MSFT,365.39,372.16,359.42,369.31,77908497
2024-09-18,MSFT,382.13,387.66,378.45,378.62,58865345
2024-09-19,MSFT,371.51,380.57,367.43,376.9,82337519
2024-09-20,MSFT,359.28,368.43,355.78,364.42,84016756
2024-09-23,MSFT,366.63,369.88,362.2,365.35,53221337
2024-09-24,MSFT,384.52,387.5,377.57,378.23,27418007
2024-09-25,MSFT,395.17,398.91,392.89,393.53,35718350
2024-09-26,MSFT,399.63,402.61,391.93,400.86,75754558
2024-09-27,MSFT,404.38,411.72,395.27,399.48,59171204
2024-09-30,MSFT,411.28,415.61,401.84,402.02,38016352
2024-10-01,MSFT,417.52,426.45,405.74,422.97,72821834
2024-10-02,MSFT,419.87,430.38,417.13,424.52,65828293
2024-10-03,MSFT,420.75,431.5,410.29,411.53,45677170
2024-10-04,MSFT,420.22,427.88,410.4,424.99,20460308
2024-10-07,MSFT,413.88,425.72,401.87,404.19,41006711
2024-10-08,MSFT,411.56,419.09,407.55,413.62,43388408
2024-10-09,MSFT,397.62,405.27,386.21,396.85,84912498
2024-10-10,MSFT,396.84,402.94,393.81,399.64,58045029
2024-10-11,MSFT,388.99,397.49,380.21,387.59,23972387
2024-10-14,MSFT,380.4,383.89,376.78,379.64,55300210
2024-10-15,MSFT,381.77,389.95,374.77,383.88,57288136
2024-10-16,MSFT,392.4,403.22,385.04,403.16,59891348
2024-10-17,MSFT,399.61,405.73,391.29,403.22,53412847
2024-10-18,MSFT,387.06,394.88,379.68,382.93,83851788
2024-10-21,MSFT,379.4,390.08,375.09,389.51,70062404
2024-10-22,MSFT,386.54,397.75,384.61,385.07,48182550
2024-10-23,MSFT,378.94,386.48,372.14,386.39,50512501
2024-10-24,MSFT,377.24,379.19,366.07,368.89,52265790
2024-10-25,MSFT,381.39,383.5,371.65,379.82,47038339
2024-10-28,MSFT,374.0,384.46,367.35,377.11,86720441
2024-10-29,MSFT,374.79,378.11,372.56,374.53,28576833
2024-10-30,MSFT,364.79,369.03,354.85,358.39,44392465
2024-10-31,MSFT,360.4,369.51,357.77,362.46,39183937
2024-11-01,MSFT,362.7,371.17,354.33,367.68,33206579
2024-11-04,MSFT,351.14,357.18,341.49,352.52,22799546
2024-11-05,MSFT,354.23,361.27,349.8,358.18,87347488
2024-11-06,MSFT,354.09,359.24,345.41,358.16,54881018
2024-11-07,MSFT,358.0,362.9,348.9,354.73,26178675
2024-11-08,MSFT,359.6,369.22,355.76,364.55,11534696
2024-11-11,MSFT,369.41,377.11,361.72,362.55,80381542
2024-11-12,MSFT,370.34,372.57,363.49,364.85,77431202
2024-11-13,MSFT,367.16,375.4,363.92,371.65,62731823
2024-11-14,MSFT,368.06,378.84,359.29,370.54,22090729
2024-11-15,MSFT,372.06,375.99,367.5,370.85,27742113
2024-11-18,MSFT,372.42,377.41,366.13,374.54,83571770
2024-11-19,MSFT,372.72,378.3,370.06,374.2,27498659
2024-11-20,MSFT,367.49,376.33,361.23,364.22,63058791
2024-11-21,MSFT,362.62,370.35,359.03,366.0,80363346
2024-11-22,MSFT,352.45,356.38,350.06,354.97,53407575
2024-11-25,MSFT,364.78,372.85,357.7,359.4,65510043
2024-11-26,MSFT,355.71,361.25,350.83,354.17,89708841
2024-11-27,MSFT,350.78,358.28,342.28,344.99,56938140
2024-11-28,MSFT,345.74,352.8,335.45,343.12,29571424
2024-11-29,MSFT,351.93,357.56,342.04,345.66,60173377
2024-12-02,MSFT,349.85,352.96,341.73,342.69,17319968
2024-12-03,MSFT,358.58,362.55,351.22,352.89,48612439
2024-12-04,MSFT,353.75,355.64,345.85,346.94,70406241
2024-12-05,MSFT,355.72,361.69,350.99,358.91,38437423
2024-12-06,MSFT,349.78,353.31,343.46,346.01,74830696
2024-12-09,MSFT,364.79,372.3,353.92,366.7,12468064
2024-12-10,MSFT,356.13,361.26,346.28,354.17,44286770
2024-12-11,MSFT,358.34,361.66,354.0,360.05,46410780
2024-12-12,MSFT,362.88,365.18,355.13,355.21,62163068
2024-12-13,MSFT,365.88,373.75,357.99,372.38,58347794
2024-12-16,MSFT,364.52,374.22,362.52,372.67,61878269
2024-12-17,MSFT,363.57,367.49,358.29,367.27,23368583
2024-12-18,MSFT,363.89,373.93,357.66,367.37,21813934
2024-12-19,MSFT,362.82,366.32,356.46,360.98,12884132
2024-12-20,MSFT,369.81,372.03,359.43,363.27,75757673
2024-12-23,MSFT,386.16,391.89,382.71,385.89,57232974
2024-12-24,MSFT,381.85,387.15,377.05,387.11,77276832
2024-12-25,MSFT,371.39,375.81,368.96,370.73,61965156
2024-12-26,MSFT,370.73,380.84,361.32,361.9,84482698
2024-12-27,MSFT,389.86,401.06,385.71,390.96,62726977
2024-12-30,MSFT,383.59,391.81,380.83,385.03,40524866
2024-12-31,MSFT,396.16,402.27,388.51,394.38,51927304
2025-01-01,MSFT,409.45,420.81,404.03,413.13,37750491
2025-01-02,MSFT,404.92,413.55,397.01,408.32,37153619
2025-01-03,MSFT,409.53,420.41,404.32,415.67,80303981
2025-01-06,MSFT,422.87,434.6,416.21,432.93,29482024
2025-01-07,MSFT,419.66,428.64,411.64,414.33,19101846
2025-01-08,MSFT,417.95,425.86,405.95,408.31,52627226
2025-01-09,MSFT,413.09,423.83,409.52,409.94,52773504
2025-01-10,MSFT,404.71,415.64,398.5,405.55,69459055
2025-01-13,MSFT,399.45,408.89,389.25,401.76,46748299
2025-01-14,MSFT,389.67,393.1,385.89,386.84,13516265
2025-01-15,MSFT,389.94,399.32,382.02,386.64,86107235
2025-01-16,MSFT,383.94,391.74,376.3,379.87,13501001
2025-01-17,MSFT,385.74,391.13,377.18,383.83,77420864
2025-01-20,MSFT,373.74,383.51,367.49,377.9,34692904
2025-01-21,MSFT,376.21,386.11,369.71,371.97,35938895
2025-01-22,MSFT,382.48,386.56,376.66,386.25,46219821
2025-01-23,MSFT,367.23,377.79,363.35,373.04,37223861
2025-01-24,MSFT,369.98,378.84,367.52,378.01,68959861
2025-01-27,MSFT,379.06,389.17,372.52,377.93,71410640
2025-01-28,MSFT,369.89,379.95,364.09,376.4,61052956
2025-01-29,MSFT,382.26,391.05,376.58,390.17,86763742
2025-01-30,MSFT,385.46,393.11,378.47,391.29,15168989
2025-01-31,MSFT,380.02,386.87,373.83,384.61,15692967
2025-02-03,MSFT,379.6,389.83,375.37,383.15,15268263
2025-02-04,MSFT,383.84,391.11,376.97,385.89,16616323
2025-02-05,MSFT,384.42,388.17,378.27,387.03,48374806
2025-02-06,MSFT,388.56,394.98,382.51,390.16,17321129
2025-02-07,MSFT,381.41,389.9,370.89,379.7,70625891
2025-02-10,MSFT,382.7,385.48,376.0,377.7,88577462
2025-02-11,MSFT,371.88,382.46,363.55,366.11,65506990
2025-02-12,MSFT,371.05,375.91,368.96,372.11,37102854
2025-02-13,MSFT,364.34,374.2,361.7,365.75,32010905
2025-02-14,MSFT,358.98,367.22,356.08,357.35,70317234
2025-02-17,MSFT,367.85,375.52,365.23,372.51,78674708
2025-02-18,MSFT,375.88,383.51,372.5,378.56,15892974
2025-02-19,MSFT,380.46,389.67,369.88,381.07,30144703
2025-02-20,MSFT,372.15,375.52,368.94,374.0,16886777
2025-02-21,MSFT,369.79,375.52,365.08,373.1,69895766
2025-02-24,MSFT,378.76,383.39,375.16,382.55,37226295
2025-02-25,MSFT,379.83,381.76,370.66,370.8,76790446
2025-02-26,MSFT,397.45,407.94,390.06,390.16,76231992
2025-02-27,MSFT,400.58,404.97,392.68,398.53,65049584
2025-02-28,MSFT,402.12,408.57,394.07,394.17,83462947
2025-03-03,MSFT,399.63,404.41,391.35,402.06,37868647
2025-03-04,MSFT,400.7,403.19,397.21,401.12,14928616
2025-03-05,MSFT,399.48,402.93,397.16,400.5,50056146
2025-03-06,MSFT,405.14,410.52,402.23,403.13,33924094
2025-03-07,MSFT,412.89,416.62,407.89,413.66,89855385
2025-03-10,MSFT,406.4,414.25,398.66,413.72,87707540
2025-03-11,MSFT,395.58,401.12,393.25,399.3,53328415
2025-03-12,MSFT,381.05,386.47,375.53,376.27,67354434
2025-03-13,MSFT,384.92,394.96,382.37,388.3,26377680
2025-03-14,MSFT,376.43,384.85,371.97,378.76,80416822
2025-03-17,MSFT,360.22,363.91,356.54,356.97,86687590
2025-03-18,MSFT,363.02,371.46,355.5,371.26,74916146
2025-03-19,MSFT,381.12,389.92,373.45,386.43,48545627
2025-03-20,MSFT,381.07,387.04,371.09,375.23,87194344
2025-03-21,MSFT,387.46,399.04,382.1,384.3,85515502
2025-03-24,MSFT,388.09,394.85,379.07,386.92,34146739
2025-03-25,MSFT,387.32,397.81,383.13,387.39,35978571
2025-03-26,MSFT,394.44,396.43,392.23,394.86,25827722
2025-03-27,MSFT,392.15,401.34,388.16,396.27,65650977
2025-03-28,MSFT,394.25,400.3,388.99,395.33,38499515
2025-03-31,MSFT,396.79,398.89,392.81,394.52,19104802
